{"cameraMode":{"drawMode":0,"name":"Shaded","section":"Shading Mode"},"sceneLighting":true,"audioPlay":false,"sceneViewState":{"showFog":true,"showMaterialUpdate":true,"showSkybox":true,"showFlares":true,"showImageEffects":true,"showParticleSystems":true},"in2DMode":false,"pivot":{"x":183.6831817626953,"y":507.06890869140627,"z":-506.4161071777344},"rotation":{"x":-0.11852995306253433,"y":-0.002385584404692054,"z":0.0002846964925993234,"w":-0.9929475784301758},"size":450.9725341796875,"orthographic":false}